"SITE","SubjectID","Vendor","FreeSurfer_Version","age","Lthal","Rthal","Lcaud","Rcaud","Lput","Rput","Lpal","Rpal","Lhippo","Rhippo","Lamyg","Ramyg","Laccumb","Raccumb"
"site1","SUB_01","GE","7.3.2",11.94,8125.88275701501,7831.8648382492,4073.34854000463,4216.69918974006,6075.73528316842,6044.28808733349,2074.33461192584,1969.02193713301,4412.95792319393,4512.6375734721,1679.79704539308,1789.45348582355,640.830567429228,710.504939725575
"site1","SUB_02","GE","7.3.2",39.69,7414.13636596046,7047.94347854724,3406.69168844593,3494.6382482773,4958.92664169199,4894.4113656209,1784.76653899847,1712.71065141497,4103.58056054219,4207.23782167764,1543.10831716404,1638.29468263982,525.926574635831,568.813874153645
"site1","SUB_03","GE","7.3.2",77.86,6686.23448216392,6457.29329876292,3468.43547842252,3627.73149990434,4519.88385389585,4467.02487639863,1732.35502713626,1676.56914004472,3782.42113800781,3862.83281390368,1380.68913098058,1520.04989221421,381.839616024733,455.869430750752
"site1","SUB_04","GE","7.3.2",50.1,7276.95333375146,6927.22590756891,3357.31492499537,3447.19106593333,4806.18723535498,4743.6719060933,1769.20668434084,1701.00788633946,4075.95119041593,4206.15075806107,1527.42846850629,1636.62753516227,502.980363901796,547.138141180536
"site1","SUB_05","GE","7.3.2",65.71,6400.49645068019,6179.18094832127,3097.29152125982,3198.35071322894,4321.44645888934,4280.29797736499,1615.35359836452,1557.15891919802,3706.69870482583,3828.25029225219,1359.63258099336,1475.08728290643,409.463321323641,457.904654483303
"site1","SUB_06","GE","7.3.2",25.82,7629.23059018822,7269.81557082635,3590.99106833915,3694.61330005306,5318.69159687344,5254.32535341718,1848.7348934914,1769.80701084649,4158.13238095991,4229.17925122799,1569.28426929906,1654.25298600432,558.036425961936,608.047095980927
"site1","SUB_07","GE","7.3.2",67.45,6859.72358806428,6585.42819318632,3340.50661129982,3459.32011226153,4571.03811339426,4516.51177297186,1728.06526383919,1667.69155418629,3901.72505145183,4031.10962275634,1441.80396481083,1571.2089785835,434.535671479273,491.363654518459
"site1","SUB_08","GE","7.3.2",31.02,7710.70320126492,7322.7416176041,3583.7051588685,3683.55734629187,5246.84481959858,5176.68779221286,1855.62785140285,1778.80470013301,4204.04650914262,4288.96222975567,1588.16340975447,1679.33924123223,555.779284286064,604.05565013415
"site1","SUB_09","GE","7.3.2",32.76,7163.78972726002,6838.67237150107,3315.2631145557,3399.5564618651,4922.57258737274,4867.05072166525,1727.38792179787,1654.52164749368,3972.71109537067,4049.50892364042,1488.70414474191,1568.51405474381,517.219366622983,557.954698451699
"site1","SUB_10","GE","7.3.2",29.29,7280.21529030553,6950.3036950303,3394.39204379707,3484.81875471472,5051.32099261719,4994.18706585954,1759.16146587174,1684.15697841493,4013.70815934087,4084.04106718572,1506.89469478578,1585.9619877196,529.438980186739,573.04430551281
"site1","SUB_11","GE","7.3.2",13.67,7340.61053865299,7116.5947796524,3656.97730519733,3775.68878538126,5582.47423346421,5559.528011049,1868.49820033084,1774.21877593844,4060.16814387198,4130.21545703511,1528.45569096004,1613.2969720852,577.437141058748,635.206316874323
"site1","SUB_12","GE","7.3.2",15.41,7791.53720073308,7489.96233895639,3828.22521005117,3954.55322288511,5751.1585868705,5705.78900118093,1952.2695015046,1859.9351935687,4244.23934780952,4318.26370286393,1607.18802092334,1699.23070198639,598.464103803533,659.956613942362
"site1","SUB_13","GE","7.3.2",70.92,6492.05187384328,6270.300989227,3228.49220011083,3350.91961009259,4384.90161751046,4339.73162982377,1657.21373125929,1600.19231325377,3732.88189650743,3844.07952024957,1366.43641542114,1492.21203471929,397.988012321964,455.867886196355
"site1","SUB_14","GE","7.3.2",36.22,7603.62845909177,7218.07080044317,3505.3208813135,3598.97525149391,5103.84939993564,5034.83111581164,1827.33987347854,1753.05755573834,4173.71966610078,4271.11873364838,1574.0803507465,1668.89418415513,542.47381937243,587.967131354814
"site1","SUB_15","GE","7.3.2",46.63,6914.7039739864,6608.00228897951,3174.5636303223,3251.86598457954,4631.34709015139,4579.61104314875,1678.42251390445,1611.38745101034,3910.1683754993,4022.82039864873,1457.86558960023,1552.20964211198,484.027787459722,521.988610242643
"site1","subject_1","Siemens","7.3.2",62.24,6868.40773094161,6583.35105520934,3269.32999474406,3372.04955359091,4566.97946105362,4513.52798180862,1710.66682410231,1648.56649600194,3912.56276283079,4048.01526603762,1450.42774117573,1571.37143569762,450.500091018325,500.248386595875
"site1","subject_2","Siemens","7.3.2",57.04,7144.3729041084,6817.65609584479,3342.62792921466,3440.04223022133,4715.69935200875,4655.62258662176,1757.24870073637,1691.89415431428,4030.58759977195,4170.17913728864,1504.36461091536,1622.8090027498,481.306130470359,528.939181153492
"site1","subject_3","Siemens","7.3.2",43.16,7258.38889242723,6909.51228282068,3331.17504288671,3415.55487194725,4841.34267691757,4780.54013600462,1752.29653623199,1682.20193561813,4047.89504132474,4158.5544564143,1518.15846536856,1615.02043446082,511.439848794094,552.747803478724
"site1","subject_4","Siemens","7.3.2",51.84,7152.63488140329,6819.423613794,3307.90552885624,3396.73890658151,4732.60698893204,4673.28320718534,1744.67947232643,1677.73078219138,4026.15843353385,4157.35374788374,1505.26944416594,1614.55759591911,491.832840269483,535.467410720766
"site1","subject_5","Siemens","7.3.2",20.61,8149.59029070949,7756.17814950837,3902.05784096772,4027.26704428415,5749.36712081855,5677.59704218051,1992.69073183811,1906.43577308991,4382.39263468627,4459.57402672022,1665.9533639172,1762.35745406095,603.880526368472,664.573609265076
"site1","subject_6","Siemens","7.3.2",86.53,6319.94332608943,6159.83581786877,3534.56663787298,3735.28004969912,4378.74392688945,4332.93421798855,1689.35298964269,1638.90613124106,3550.6776704301,3540.71142164875,1270.74370316022,1407.86405828446,310.796916886383,401.865829033166
"site1","subject_7","Siemens","7.3.2",22.35,7884.52367378479,7512.09884077498,3752.61336017776,3868.01069487623,5552.19930283869,5484.83280455357,1921.90445484423,1838.92100521199,4266.54243906662,4338.63075685225,1616.13989416469,1706.06928122199,581.926923389576,637.751858661607
"site1","subject_8","Siemens","7.3.2",24.08,7772.66432837573,7404.12055681051,3678.05983440624,3787.8622888286,5441.86487457833,5375.30150784625,1888.24279828094,1807.30205772778,4218.48465187391,4290.0338276714,1595.35814280655,1682.99425869429,570.801668901864,623.848943112743
"site1","subject_9","Siemens","7.3.2",58.78,7217.43854396588,6884.1091536975,3393.85921064574,3496.90551163819,4753.24660946577,4690.75321240756,1779.56975205946,1714.30784091714,4063.38860023156,4206.28745994878,1517.3602891705,1640.68909179353,482.303682399703,532.565296795077
"site1","subject_10","Siemens","7.3.2",90,6359.00058044882,6204.43854850716,3665.47156870746,3891.16560949153,4425.86426148476,4377.51434702859,1715.98512067264,1666.60838697162,3527.52586129856,3471.84098627888,1255.91645985746,1394.85184594192,291.158448805503,392.898758542457
"site1","subject_11","Siemens","7.3.2",74.39,6920.81139755508,6654.4250758681,3499.87719307285,3648.34969202943,4628.26841417526,4569.96818086033,1770.9832586192,1712.58180374999,3903.45883883708,4010.03337026746,1436.20587407728,1577.14117662834,412.844188024978,482.601356612559
"site1","subject_12","Siemens","7.3.2",79.59,5942.17912258454,5809.14708660402,3161.33705972262,3310.5615353767,4131.43934851986,4098.89961698627,1568.59413053082,1517.87261229631,3449.156180804,3499.31808878003,1235.93406388386,1359.02121454631,323.971932647114,392.503706766619
"site1","subject_13","Siemens","7.3.2",27.55,7278.75214820045,6955.18181755726,3408.92728467568,3501.28438510524,5089.07754889552,5033.13215764963,1762.7682147243,1686.91556211127,4009.43054411759,4075.69962866003,1505.32715786323,1582.93125529642,531.887492067885,576.399265053138
"site1","subject_14","Siemens","7.3.2",81.33,6422.38217701406,6235.0256779929,3432.56745120875,3603.89557147695,4398.70973350924,4352.03123542091,1687.62906862015,1634.66159144994,3643.34981797846,3690.34533213601,1317.10463985077,1453.41157055517,347.062824680752,425.802199102123
"site1","subject_15","Siemens","7.3.2",48.37,7595.83716453103,7206.02693374351,3500.15401155138,3596.4818833277,4985.39892669837,4914.21066459367,1839.04072181985,1768.43451759396,4209.31507396344,4342.72336868686,1585.3398946172,1699.22212457858,526.862172752439,574.166817739254
